GCM,RCP,Lat,Lat1,Lon,Lon1,Cul,Sow,Year,Yield,CWR,Biomass
ipsl-cm6a-lr,historical,40,25,-91,75,mag2,05-25,1961,9433.89,439.875,23367.7
mpi-esm1-2-hr,historical,40,25,-91,75,mag4,05-07,1968,13623.45,460.428,23311.39
ipsl-cm6a-lr,historical,40,25,-91,75,mag4,05-15,1975,13457.97,453.45799999999997,23832.97
mri-esm2-0,historical,40,25,-91,75,mag5,05-07,1969,8816.24,374.126,17843.3
mri-esm2-0,historical,40,25,-91,75,mag7,04-25,1976,8848.77,411.478,20147.1
gfdl-esm4,historical,40,25,-91,75,mag7,05-25,1979,9726.92,382.23199999999997,19365.75
mpi-esm1-2-hr,historical,40,25,-91,75,mag7,04-25,1973,8967.42,471.40500000000003,21728.2
gfdl-esm4,historical,40,25,-91,75,mag2,05-25,1980,7610.19,463.846,20834.47
mpi-esm1-2-hr,historical,40,25,-91,75,mag7,04-25,1968,8950.01,442.98699999999997,20346.38
gfdl-esm4,historical,40,25,-91,75,mag3,05-07,1967,10973.96,364.13800000000003,18865.15
ukesm1-0-ll,historical,40,25,-91,75,mag4,05-15,1970,15709.57,444.761,24753.9
mri-esm2-0,historical,40,25,-91,75,mag8,05-25,1969,9909.9,427.634,20976.85
ukesm1-0-ll,historical,40,25,-91,75,mag6,05-15,1963,11725.96,384.095,22593.44
mri-esm2-0,historical,40,25,-91,75,mag3,05-25,1964,8415.12,331.6,14848.66
mpi-esm1-2-hr,historical,40,25,-91,75,mag5,05-15,1975,8699.25,361.06399999999996,17549.94
mpi-esm1-2-hr,historical,40,25,-91,75,mag4,05-07,1973,13605.87,489.08099999999996,24534.22
gfdl-esm4,historical,40,25,-91,75,mag2,05-07,1963,10157.07,451.21799999999996,23733.41
ukesm1-0-ll,historical,40,25,-91,75,mag5,05-15,1974,10559.49,342.83500000000004,20502.34
ukesm1-0-ll,historical,40,25,-91,75,mag8,04-15,1963,10692.39,452.144,25801.34
mri-esm2-0,historical,40,25,-91,75,mag6,04-25,1969,8668.08,428.185,19625.54
mri-esm2-0,historical,40,25,-91,75,mag4,05-07,1976,14396.73,437.574,24077.29
mpi-esm1-2-hr,historical,40,25,-91,75,mag4,05-15,1967,12555.91,421.78,21244.13
gfdl-esm4,historical,40,25,-91,75,mag2,04-25,1979,10456.33,451.773,24361.75
mri-esm2-0,historical,40,25,-91,75,mag2,05-25,1976,11106.81,504.141,24168.73
mpi-esm1-2-hr,historical,40,25,-91,75,mag2,05-25,1973,9219.15,486.60200000000003,23803.6
gfdl-esm4,historical,40,25,-91,75,mag4,05-25,1963,13685.64,409.752,22260.3
mri-esm2-0,historical,40,25,-91,75,mag5,05-07,1964,9574.83,363.146,16954.04
ukesm1-0-ll,historical,40,25,-91,75,mag6,05-07,1977,10386.37,398.724,20253.53
ukesm1-0-ll,historical,40,25,-91,75,mag4,04-25,1968,13100.72,452.754,23101.36
ukesm1-0-ll,historical,40,25,-91,75,mag4,05-15,1966,14149.36,389.579,22568.28
ipsl-cm6a-lr,historical,40,25,-91,75,mag7,04-25,1961,9960.92,427.15200000000004,22170.1
gfdl-esm4,historical,40,25,-91,75,mag4,05-07,1980,12216.38,441.265,21390.81
gfdl-esm4,historical,40,25,-91,75,mag5,05-25,1967,10319.86,359.928,18139.39
ukesm1-0-ll,historical,40,25,-91,75,mag5,05-15,1962,10346.13,345.588,18860.92
ukesm1-0-ll,historical,40,25,-91,75,mag5,04-25,1977,10871.43,383.584,19724.93
ukesm1-0-ll,historical,40,25,-91,75,mag7,05-07,1968,8397.47,418.613,19527.76
mri-esm2-0,historical,40,25,-91,75,mag6,04-25,1964,10109.5,402.851,20153.44
ukesm1-0-ll,historical,40,25,-91,75,mag3,04-15,1963,12092.54,382.026,23470.76
mri-esm2-0,historical,40,25,-91,75,mag8,05-25,1964,9030.66,429.459,19740.94
mri-esm2-0,historical,40,25,-91,75,mag3,05-25,1969,9051.43,328.008,16645.11
gfdl-esm4,historical,40,25,-91,75,mag8,05-07,1967,10429.54,452.392,23522.12
gfdl-esm4,historical,40,25,-91,75,mag7,04-25,1980,8071.46,426.50800000000004,19348.41
mpi-esm1-2-hr,historical,40,25,-91,75,mag2,05-25,1968,9614.81,449.5,22896.96
ipsl-cm6a-lr,historical,40,25,-91,75,mag4,05-07,1961,14767.04,436.978,23884.14
mri-esm2-0,historical,40,25,-91,75,mag8,05-15,1969,9504.22,439.528,20954.69
ukesm1-0-ll,historical,40,25,-91,75,mag2,05-07,1966,9786.07,432.664,24161.82
mpi-esm1-2-hr,historical,40,25,-91,75,mag5,05-25,1975,8803.6,333.523,16859.58
mri-esm2-0,historical,40,25,-91,75,mag3,05-15,1964,9130.92,352.123,16143.34
ukesm1-0-ll,historical,40,25,-91,75,mag6,05-25,1963,11210.62,365.111,21752.05
ukesm1-0-ll,historical,40,25,-91,75,mag8,04-25,1963,10656.69,447.59999999999997,25643.83
ukesm1-0-ll,historical,40,25,-91,75,mag5,05-25,1974,10089.29,344.565,19964.7
mpi-esm1-2-hr,historical,40,25,-91,75,mag2,05-07,1967,9656.66,453.731,23045.93
mri-esm2-0,historical,40,25,-91,75,mag6,04-15,1969,8975.64,418.66700000000003,19438.91
ukesm1-0-ll,historical,40,25,-91,75,mag3,05-07,1962,9974.29,347.689,19715.96
ukesm1-0-ll,historical,40,25,-91,75,mag4,05-25,1970,15360.8,446.58599999999996,25129.06
gfdl-esm4,historical,40,25,-91,75,mag2,05-15,1980,7916.24,475.448,21763.12
mpi-esm1-2-hr,historical,40,25,-91,75,mag7,04-15,1968,9057.64,442.72,19280.4
mri-esm2-0,historical,40,25,-91,75,mag7,04-15,1976,8650.93,423.395,20443.28
gfdl-esm4,historical,40,25,-91,75,mag7,05-15,1979,9429.89,392.291,19281.05
mpi-esm1-2-hr,historical,40,25,-91,75,mag7,04-15,1973,9167.31,486.783,22160.08
mpi-esm1-2-hr,historical,40,25,-91,75,mag8,05-07,1975,8072.94,445.33299999999997,20746.56
ukesm1-0-ll,historical,40,25,-91,75,mag8,05-07,1974,8532.07,417.74899999999997,23082.86
ipsl-cm6a-lr,historical,40,25,-91,75,mag2,05-15,1961,9600.76,447.644,23789.0
ipsl-cm6a-lr,historical,40,25,-91,75,mag4,05-25,1975,13192.15,435.95799999999997,22456.64
gfdl-esm4,historical,40,25,-91,75,mag7,04-15,1980,8997.5,432.883,20116.82
mpi-esm1-2-hr,historical,40,25,-91,75,mag2,05-15,1968,10000.36,475.119,23672.88
ipsl-cm6a-lr,historical,40,25,-91,75,mag2,05-07,1975,9903.1,489.601,24562.25
ukesm1-0-ll,historical,40,25,-91,75,mag8,05-07,1962,9204.63,421.84499999999997,21899.38
ukesm1-0-ll,historical,40,25,-91,75,mag5,04-15,1977,10936.49,383.818,19891.75
ukesm1-0-ll,historical,40,25,-91,75,mag3,04-25,1963,11792.02,380.51599999999996,23604.5
mri-esm2-0,historical,40,25,-91,75,mag6,04-15,1964,10184.48,419.245,20732.16
mri-esm2-0,historical,40,25,-91,75,mag8,05-15,1964,8930.19,447.338,20420.22
mri-esm2-0,historical,40,25,-91,75,mag3,05-15,1969,8610.06,345.086,16845.02
ipsl-cm6a-lr,historical,40,25,-91,75,mag7,04-15,1961,10416.13,424.892,22409.11
ukesm1-0-ll,historical,40,25,-91,75,mag2,05-07,1970,10723.76,488.77,25399.25
gfdl-esm4,historical,40,25,-91,75,mag5,05-15,1967,10585.2,366.31600000000003,18074.38
ukesm1-0-ll,historical,40,25,-91,75,mag5,05-25,1962,10179.18,333.008,18377.84
gfdl-esm4,historical,40,25,-91,75,mag2,04-15,1979,10253.76,466.44199999999995,24293.15
mri-esm2-0,historical,40,25,-91,75,mag2,05-15,1976,10998.67,482.533,24772.19
mpi-esm1-2-hr,historical,40,25,-91,75,mag4,05-25,1967,11842.13,407.05,20042.23
ukesm1-0-ll,historical,40,25,-91,75,mag3,05-07,1974,10393.7,338.581,20628.8
gfdl-esm4,historical,40,25,-91,75,mag4,05-15,1963,13263.43,420.253,22626.61
mpi-esm1-2-hr,historical,40,25,-91,75,mag2,05-15,1973,9472.47,497.971,24474.9
mpi-esm1-2-hr,historical,40,25,-91,75,mag3,05-07,1975,8508.66,352.622,17418.03
ukesm1-0-ll,historical,40,25,-91,75,mag4,05-25,1966,13338.94,393.57500000000005,21639.98
ukesm1-0-ll,historical,40,25,-91,75,mag4,04-15,1968,13341.99,454.485,23357.95
ukesm1-0-ll,historical,40,25,-91,75,mag3,05-25,1962,9933.46,321.425,18026.39
ukesm1-0-ll,historical,40,25,-91,75,mag4,05-07,1970,16034.79,439.342,24848.2
gfdl-esm4,historical,40,25,-91,75,mag3,05-15,1967,10267.75,356.67600000000004,17671.23
ipsl-cm6a-lr,historical,40,25,-91,75,mag7,04-25,1975,8142.35,455.60699999999997,22257.86
ukesm1-0-ll,historical,40,25,-91,75,mag2,05-25,1966,9861.5,433.85799999999995,23567.33
ukesm1-0-ll,historical,40,25,-91,75,mag2,04-15,1968,9635.75,476.116,24140.13
ukesm1-0-ll,historical,40,25,-91,75,mag6,05-07,1963,11525.66,394.389,23182.64
mpi-esm1-2-hr,historical,40,25,-91,75,mag5,05-07,1975,8801.82,366.253,17797.03
ukesm1-0-ll,historical,40,25,-91,75,mag5,05-07,1974,10638.52,347.13100000000003,20948.34
gfdl-esm4,historical,40,25,-91,75,mag2,05-15,1963,10333.06,442.675,23531.46
mpi-esm1-2-hr,historical,40,25,-91,75,mag4,05-15,1973,13357.11,472.10400000000004,23602.64
mri-esm2-0,historical,40,25,-91,75,mag4,05-15,1976,15216.5,444.967,24364.69
gfdl-esm4,historical,40,25,-91,75,mag4,04-15,1979,13944.92,458.986,24702.01
mpi-esm1-2-hr,historical,40,25,-91,75,mag2,05-25,1967,8988.68,451.328,22039.91
mpi-esm1-2-hr,historical,40,25,-91,75,mag4,05-15,1968,13089.71,435.47700000000003,21733.36
ipsl-cm6a-lr,historical,40,25,-91,75,mag4,05-07,1975,13838.23,469.813,24819.26
ukesm1-0-ll,historical,40,25,-91,75,mag7,04-25,1970,11083.92,441.082,22824.92
mri-esm2-0,historical,40,25,-91,75,mag5,05-15,1969,9127.84,355.129,17430.62
mpi-esm1-2-hr,historical,40,25,-91,75,mag8,05-25,1975,8970.42,416.067,20376.09
ukesm1-0-ll,historical,40,25,-91,75,mag6,04-25,1974,10335.75,389.742,22211.36
ukesm1-0-ll,historical,40,25,-91,75,mag5,04-25,1963,12225.03,392.43,24136.44
ukesm1-0-ll,historical,40,25,-91,75,mag8,05-25,1974,8907.28,419.252,22479.66
mpi-esm1-2-hr,historical,40,25,-91,75,mag6,04-25,1975,8698.87,403.301,18883.27
ukesm1-0-ll,historical,40,25,-91,75,mag3,04-15,1977,10615.67,372.114,19462.17
ukesm1-0-ll,historical,40,25,-91,75,mag7,05-15,1968,8548.42,405.487,19166.33
ukesm1-0-ll,historical,40,25,-91,75,mag7,04-25,1966,9549.88,411.67199999999997,21640.18
gfdl-esm4,historical,40,25,-91,75,mag7,04-15,1963,8396.54,441.751,19575.2
mpi-esm1-2-hr,historical,40,25,-91,75,mag7,04-25,1967,8617.23,413.35699999999997,18900.89
ukesm1-0-ll,historical,40,25,-91,75,mag6,04-25,1962,9924.94,393.224,21953.14
gfdl-esm4,historical,40,25,-91,75,mag8,05-15,1967,10191.05,455.41999999999996,23014.4
ipsl-cm6a-lr,historical,40,25,-91,75,mag2,05-25,1975,9710.16,469.255,23510.12
gfdl-esm4,historical,40,25,-91,75,mag6,04-15,1967,12013.17,414.527,22130.18
ipsl-cm6a-lr,historical,40,25,-91,75,mag4,05-15,1961,14160.66,420.861,22890.54
ukesm1-0-ll,historical,40,25,-91,75,mag8,05-25,1962,8934.24,397.204,21083.02
mpi-esm1-2-hr,historical,40,25,-91,75,mag4,05-07,1967,12782.2,416.486,21072.73
ukesm1-0-ll,historical,40,25,-91,75,mag8,04-15,1977,9490.41,461.975,22713.16
ukesm1-0-ll,historical,40,25,-91,75,mag3,05-25,1974,9711.32,333.478,19454.32
mpi-esm1-2-hr,historical,40,25,-91,75,mag3,05-25,1975,8300.35,321.726,16271.21
mri-esm2-0,historical,40,25,-91,75,mag5,05-15,1964,9319.14,361.375,16400.5
ukesm1-0-ll,historical,40,25,-91,75,mag4,05-07,1966,14945.66,406.981,23677.45
ukesm1-0-ll,historical,40,25,-91,75,mag6,05-15,1977,10482.49,393.04999999999995,20327.72
ukesm1-0-ll,historical,40,25,-91,75,mag2,05-25,1970,10004.13,471.764,24674.35
gfdl-esm4,historical,40,25,-91,75,mag4,05-15,1980,11125.34,423.594,19852.21
ukesm1-0-ll,historical,40,25,-91,75,mag5,05-07,1962,10410.42,360.60499999999996,20227.43
gfdl-esm4,historical,40,25,-91,75,mag7,05-07,1979,9126.38,396.12,19828.97
mri-esm2-0,historical,40,25,-91,75,mag5,05-25,1969,9426.37,340.45399999999995,17088.65
mpi-esm1-2-hr,historical,40,25,-91,75,mag8,05-15,1975,8182.32,442.399,20703.24
ukesm1-0-ll,historical,40,25,-91,75,mag6,04-15,1974,10523.65,385.00100000000003,21223.68
ukesm1-0-ll,historical,40,25,-91,75,mag8,05-15,1974,8315.53,416.053,22703.48
mpi-esm1-2-hr,historical,40,25,-91,75,mag6,04-15,1975,9032.24,414.539,19403.17
ukesm1-0-ll,historical,40,25,-91,75,mag5,04-15,1963,12518.28,394.009,24044.48
ukesm1-0-ll,historical,40,25,-91,75,mag3,04-25,1977,10579.37,370.374,19301.56
ipsl-cm6a-lr,historical,40,25,-91,75,mag2,05-07,1961,9952.76,460.897,24470.79
ukesm1-0-ll,historical,40,25,-91,75,mag7,04-15,1970,11027.57,457.23199999999997,23210.17
mpi-esm1-2-hr,historical,40,25,-91,75,mag4,05-25,1968,12118.23,397.045,19749.88
ukesm1-0-ll,historical,40,25,-91,75,mag2,04-25,1968,9881.06,471.85900000000004,23996.76
mri-esm2-0,historical,40,25,-91,75,mag8,05-07,1969,9003.28,449.741,20890.94
ukesm1-0-ll,historical,40,25,-91,75,mag2,05-15,1966,9776.99,420.759,23785.69
mri-esm2-0,historical,40,25,-91,75,mag3,05-07,1964,9341.44,353.943,16623.5
mpi-esm1-2-hr,historical,40,25,-91,75,mag4,05-25,1973,12931.91,463.422,22728.51
gfdl-esm4,historical,40,25,-91,75,mag2,05-25,1963,10422.76,438.889,23465.69
mpi-esm1-2-hr,historical,40,25,-91,75,mag2,05-15,1967,9421.53,456.457,22934.94
mri-esm2-0,historical,40,25,-91,75,mag4,05-25,1976,15652.18,463.259,24129.73
gfdl-esm4,historical,40,25,-91,75,mag4,04-25,1979,13771.12,447.407,24214.1
ukesm1-0-ll,historical,40,25,-91,75,mag3,05-15,1962,10115.9,335.08399999999995,18544.0
ipsl-cm6a-lr,historical,40,25,-91,75,mag7,04-15,1975,8220.55,456.705,23132.6
gfdl-esm4,historical,40,25,-91,75,mag2,05-07,1980,8284.62,480.46799999999996,22447.63
gfdl-esm4,historical,40,25,-91,75,mag3,05-25,1967,9791.54,347.598,17483.83
gfdl-esm4,historical,40,25,-91,75,mag4,05-25,1980,10219.41,414.265,18401.36
gfdl-esm4,historical,40,25,-91,75,mag5,05-07,1967,11391.14,373.31,19398.7
ukesm1-0-ll,historical,40,25,-91,75,mag2,05-15,1970,10393.13,480.476,25199.2
ukesm1-0-ll,historical,40,25,-91,75,mag8,04-25,1977,9523.92,461.475,22560.24
mri-esm2-0,historical,40,25,-91,75,mag2,05-07,1976,10628.04,475.235,24707.48
mpi-esm1-2-hr,historical,40,25,-91,75,mag2,05-07,1973,9615.41,517.601,25156.28
gfdl-esm4,historical,40,25,-91,75,mag4,05-07,1963,13206.08,429.264,22997.96
ukesm1-0-ll,historical,40,25,-91,75,mag3,05-15,1974,10287.0,331.503,20136.25
mri-esm2-0,historical,40,25,-91,75,mag5,05-25,1964,8622.42,342.456,15145.58
mpi-esm1-2-hr,historical,40,25,-91,75,mag3,05-15,1975,8329.15,348.75800000000004,17094.99
ukesm1-0-ll,historical,40,25,-91,75,mag6,05-25,1977,10515.9,377.003,19374.78
ukesm1-0-ll,historical,40,25,-91,75,mag6,04-15,1962,10015.41,387.27299999999997,21407.98
gfdl-esm4,historical,40,25,-91,75,mag8,05-25,1967,10224.97,457.93199999999996,22779.5
gfdl-esm4,historical,40,25,-91,75,mag6,04-25,1967,11843.51,410.385,21928.68
mpi-esm1-2-hr,historical,40,25,-91,75,mag2,05-07,1968,10150.75,479.992,24197.29
ipsl-cm6a-lr,historical,40,25,-91,75,mag2,05-15,1975,9869.62,468.111,23917.48
ukesm1-0-ll,historical,40,25,-91,75,mag8,05-15,1962,8705.47,409.636,21155.58
ipsl-cm6a-lr,historical,40,25,-91,75,mag4,05-25,1961,13769.98,397.125,22062.32
ukesm1-0-ll,historical,40,25,-91,75,mag7,04-15,1966,9697.14,417.125,21971.89
ukesm1-0-ll,historical,40,25,-91,75,mag7,05-25,1968,8873.42,391.69899999999996,18493.5
gfdl-esm4,historical,40,25,-91,75,mag7,04-25,1963,8472.4,424.113,19412.36
mri-esm2-0,historical,40,25,-91,75,mag8,05-07,1964,9073.05,448.269,20633.45
mri-esm2-0,historical,40,25,-91,75,mag3,05-07,1969,8554.87,360.082,17512.34
mpi-esm1-2-hr,historical,40,25,-91,75,mag7,04-15,1967,8687.23,423.219,19760.02
mri-esm2-0,historical,40,25,-91,75,mag2,05-25,1969,10896.42,463.772,24003.58
ukesm1-0-ll,historical,40,25,-91,75,mag4,04-25,1977,15434.17,455.37,24802.5
ukesm1-0-ll,historical,40,25,-91,75,mag6,05-07,1968,8721.92,398.333,18777.25
mri-esm2-0,historical,40,25,-91,75,mag7,04-25,1964,9516.53,423.614,20886.46
ukesm1-0-ll,historical,40,25,-91,75,mag2,04-15,1963,10699.1,465.50100000000003,26865.1
gfdl-esm4,historical,40,25,-91,75,mag8,05-07,1963,8462.41,426.416,20040.01
gfdl-esm4,historical,40,25,-91,75,mag6,04-25,1980,9177.89,392.725,18765.3
mpi-esm1-2-hr,historical,40,25,-91,75,mag3,05-25,1968,8436.32,318.348,14929.18
ipsl-cm6a-lr,historical,40,25,-91,75,mag5,05-07,1961,10473.82,371.72200000000004,19100.25
gfdl-esm4,historical,40,25,-91,75,mag8,05-25,1980,5573.2,424.918,16501.06
mri-esm2-0,historical,40,25,-91,75,mag4,05-07,1964,14132.58,441.751,22487.61
ukesm1-0-ll,historical,40,25,-91,75,mag5,05-15,1966,8971.21,327.77,16466.68
ukesm1-0-ll,historical,40,25,-91,75,mag7,05-07,1977,10150.57,425.032,21360.43
ukesm1-0-ll,historical,40,25,-91,75,mag5,04-25,1968,8835.11,388.22,18258.66
gfdl-esm4,historical,40,25,-91,75,mag3,04-25,1979,9018.59,364.48,18622.44
mri-esm2-0,historical,40,25,-91,75,mag3,05-25,1976,9540.36,347.599,16880.79
mpi-esm1-2-hr,historical,40,25,-91,75,mag5,05-15,1967,8832.37,352.63,16715.79
gfdl-esm4,historical,40,25,-91,75,mag5,05-25,1963,9229.78,342.51800000000003,16795.76
mpi-esm1-2-hr,historical,40,25,-91,75,mag3,05-25,1973,8953.43,369.99800000000005,17815.26
ipsl-cm6a-lr,historical,40,25,-91,75,mag8,05-25,1961,8764.81,408.053,20344.41
ukesm1-0-ll,historical,40,25,-91,75,mag4,05-15,1962,14256.9,410.616,23803.54
ipsl-cm6a-lr,historical,40,25,-91,75,mag6,04-25,1961,10790.7,403.68600000000004,21680.56
gfdl-esm4,historical,40,25,-91,75,mag4,05-25,1967,15739.52,439.139,24284.52
gfdl-esm4,historical,40,25,-91,75,mag5,05-07,1980,9020.89,352.21799999999996,17393.23
gfdl-esm4,historical,40,25,-91,75,mag2,05-07,1967,11063.33,472.368,25538.99
ukesm1-0-ll,historical,40,25,-91,75,mag5,05-15,1970,11117.04,353.119,19317.84
gfdl-esm4,historical,40,25,-91,75,mag3,05-25,1980,7049.55,315.40500000000003,13962.45
mpi-esm1-2-hr,historical,40,25,-91,75,mag6,04-25,1968,9197.35,416.96999999999997,19508.27
mpi-esm1-2-hr,historical,40,25,-91,75,mag8,05-25,1968,7930.1,408.465,18708.92
gfdl-esm4,historical,40,25,-91,75,mag3,05-07,1963,8662.75,356.246,17530.22
ukesm1-0-ll,historical,40,25,-91,75,mag4,05-15,1974,15053.55,416.199,25698.2
mpi-esm1-2-hr,historical,40,25,-91,75,mag5,05-07,1973,9795.16,424.352,20356.64
mri-esm2-0,historical,40,25,-91,75,mag7,04-25,1969,8293.93,456.424,20305.43
mri-esm2-0,historical,40,25,-91,75,mag5,05-07,1976,9092.73,359.741,17672.7
mpi-esm1-2-hr,historical,40,25,-91,75,mag4,05-15,1975,13621.75,441.70900000000006,23295.07
ukesm1-0-ll,historical,40,25,-91,75,mag7,05-15,1963,10843.46,404.487,23273.15
mri-esm2-0,historical,40,25,-91,75,mag2,05-25,1964,10241.35,450.97999999999996,23530.17
ipsl-cm6a-lr,historical,40,25,-91,75,mag3,05-25,1961,8761.65,316.68,16012.04
ipsl-cm6a-lr,historical,40,25,-91,75,mag5,05-15,1975,9230.68,384.54,19301.23
mpi-esm1-2-hr,historical,40,25,-91,75,mag5,05-07,1968,9308.4,380.608,18215.73
mpi-esm1-2-hr,historical,40,25,-91,75,mag8,05-25,1973,7640.53,464.248,20067.77
mri-esm2-0,historical,40,25,-91,75,mag8,05-25,1976,10934.2,460.29,21778.0
gfdl-esm4,historical,40,25,-91,75,mag8,04-25,1979,8472.15,441.34700000000004,21189.08
mri-esm2-0,historical,40,25,-91,75,mag4,05-07,1969,13915.13,451.88300000000004,23407.73
mri-esm2-0,historical,40,25,-91,75,mag6,04-25,1976,9082.06,388.395,19264.19
gfdl-esm4,historical,40,25,-91,75,mag6,05-25,1979,9776.91,355.67900000000003,18203.93
mpi-esm1-2-hr,historical,40,25,-91,75,mag6,04-25,1973,9457.13,452.302,21253.21
ukesm1-0-ll,historical,40,25,-91,75,mag4,05-25,1962,14499.06,394.055,23600.25
ipsl-cm6a-lr,historical,40,25,-91,75,mag8,05-15,1961,8671.85,429.424,20868.26
ipsl-cm6a-lr,historical,40,25,-91,75,mag6,04-15,1961,11087.15,405.491,21862.11
ukesm1-0-ll,historical,40,25,-91,75,mag3,05-07,1970,11045.96,359.681,19168.45
gfdl-esm4,historical,40,25,-91,75,mag4,05-15,1967,16142.38,437.599,24581.99
mpi-esm1-2-hr,historical,40,25,-91,75,mag2,05-07,1975,9430.75,473.43300000000005,24209.55
ukesm1-0-ll,historical,40,25,-91,75,mag5,04-15,1968,8993.98,387.814,18586.71
ukesm1-0-ll,historical,40,25,-91,75,mag5,05-25,1966,8731.0,326.20300000000003,16007.24
mpi-esm1-2-hr,historical,40,25,-91,75,mag5,05-25,1967,8146.68,332.375,15291.4
gfdl-esm4,historical,40,25,-91,75,mag3,04-15,1979,8821.14,375.06899999999996,18874.14
mri-esm2-0,historical,40,25,-91,75,mag3,05-15,1976,9027.25,350.509,16922.61
mpi-esm1-2-hr,historical,40,25,-91,75,mag3,05-15,1973,9552.97,387.035,18986.68
ukesm1-0-ll,historical,40,25,-91,75,mag2,05-07,1974,9861.4,446.144,25784.41
gfdl-esm4,historical,40,25,-91,75,mag5,05-15,1963,8977.61,359.18199999999996,17457.62
ipsl-cm6a-lr,historical,40,25,-91,75,mag3,05-07,1975,9078.64,381.826,19745.77
gfdl-esm4,historical,40,25,-91,75,mag6,04-15,1980,9466.62,406.983,19431.18
mpi-esm1-2-hr,historical,40,25,-91,75,mag3,05-15,1968,8849.07,365.016,17104.68
gfdl-esm4,historical,40,25,-91,75,mag8,05-15,1980,6206.6,432.84799999999996,17610.24
ukesm1-0-ll,historical,40,25,-91,75,mag8,05-07,1966,8825.65,421.569,21757.37
mri-esm2-0,historical,40,25,-91,75,mag2,05-15,1969,10633.76,464.01500000000004,23679.76
mpi-esm1-2-hr,historical,40,25,-91,75,mag8,05-07,1967,7704.31,420.022,18953.82
ukesm1-0-ll,historical,40,25,-91,75,mag4,04-15,1977,15459.91,454.065,25126.54
ukesm1-0-ll,historical,40,25,-91,75,mag2,04-25,1963,10673.01,460.933,26618.63
mri-esm2-0,historical,40,25,-91,75,mag7,04-15,1964,9723.58,450.051,21556.61
mpi-esm1-2-hr,historical,40,25,-91,75,mag8,05-15,1973,7542.24,468.84799999999996,20872.58
mri-esm2-0,historical,40,25,-91,75,mag8,05-15,1976,9930.26,446.948,21851.72
gfdl-esm4,historical,40,25,-91,75,mag8,04-15,1979,8490.62,455.924,21478.17
mri-esm2-0,historical,40,25,-91,75,mag6,04-15,1976,9246.18,394.269,19782.14
gfdl-esm4,historical,40,25,-91,75,mag6,05-15,1979,9452.9,363.37,18228.86
mpi-esm1-2-hr,historical,40,25,-91,75,mag6,04-15,1973,9678.4,461.86400000000003,21749.04
ukesm1-0-ll,historical,40,25,-91,75,mag8,05-07,1970,9694.41,460.044,23009.93
ipsl-cm6a-lr,historical,40,25,-91,75,mag3,05-15,1961,9506.56,342.28700000000003,17493.3
ipsl-cm6a-lr,historical,40,25,-91,75,mag5,05-25,1975,9563.7,366.15,18314.12
ukesm1-0-ll,historical,40,25,-91,75,mag4,05-25,1974,14901.56,417.957,25227.05
mri-esm2-0,historical,40,25,-91,75,mag7,04-15,1969,8349.74,448.539,20101.58
mpi-esm1-2-hr,historical,40,25,-91,75,mag3,05-07,1967,8545.06,337.973,15803.44
ukesm1-0-ll,historical,40,25,-91,75,mag3,05-07,1966,9654.21,339.525,17899.87
mri-esm2-0,historical,40,25,-91,75,mag2,05-15,1964,10188.84,468.217,23993.47
ukesm1-0-ll,historical,40,25,-91,75,mag7,05-25,1963,10260.76,396.696,22656.98
mpi-esm1-2-hr,historical,40,25,-91,75,mag4,05-25,1975,13811.36,412.98600000000005,22654.42
gfdl-esm4,historical,40,25,-91,75,mag3,05-15,1980,7941.16,323.048,15517.79
mpi-esm1-2-hr,historical,40,25,-91,75,mag6,04-15,1968,9359.76,408.468,17829.92
ukesm1-0-ll,historical,40,25,-91,75,mag5,05-25,1970,10611.04,351.335,19690.96
ukesm1-0-ll,historical,40,25,-91,75,mag2,05-07,1962,9988.14,432.503,24852.29
ipsl-cm6a-lr,historical,40,25,-91,75,mag8,05-07,1975,8120.94,470.07800000000003,21927.42
mpi-esm1-2-hr,historical,40,25,-91,75,mag8,05-15,1968,8231.67,445.028,20074.77
mri-esm2-0,historical,40,25,-91,75,mag4,05-15,1964,13958.15,439.04200000000003,22234.03
mpi-esm1-2-hr,historical,40,25,-91,75,mag2,05-25,1975,9947.29,435.05699999999996,23623.09
ukesm1-0-ll,historical,40,25,-91,75,mag7,05-15,1977,10336.55,420.833,21263.16
ukesm1-0-ll,historical,40,25,-91,75,mag5,05-07,1966,9968.45,353.147,18332.95
mpi-esm1-2-hr,historical,40,25,-91,75,mag5,05-07,1967,8796.34,348.067,16150.36
ukesm1-0-ll,historical,40,25,-91,75,mag2,05-25,1974,9148.21,454.433,24411.39
ukesm1-0-ll,historical,40,25,-91,75,mag4,05-07,1962,14243.05,422.517,24669.33
gfdl-esm4,historical,40,25,-91,75,mag5,05-15,1980,8042.01,334.829,15716.86
ukesm1-0-ll,historical,40,25,-91,75,mag3,05-25,1970,10361.16,341.845,19336.95
gfdl-esm4,historical,40,25,-91,75,mag6,04-15,1963,8740.68,410.343,18318.48
ukesm1-0-ll,historical,40,25,-91,75,mag8,05-25,1966,8891.93,409.818,20347.76
mpi-esm1-2-hr,historical,40,25,-91,75,mag6,04-25,1967,8904.47,385.30899999999997,17758.93
ukesm1-0-ll,historical,40,25,-91,75,mag8,04-15,1968,7627.68,458.486,20695.71
mpi-esm1-2-hr,historical,40,25,-91,75,mag8,05-25,1967,7063.4,415.034,17944.91
ukesm1-0-ll,historical,40,25,-91,75,mag6,04-25,1966,10244.3,389.698,20721.1
ukesm1-0-ll,historical,40,25,-91,75,mag6,05-15,1968,8810.99,381.777,18307.01
gfdl-esm4,historical,40,25,-91,75,mag8,05-15,1963,8634.75,419.048,19957.2
gfdl-esm4,historical,40,25,-91,75,mag7,04-15,1967,11507.92,441.622,23132.98
ipsl-cm6a-lr,historical,40,25,-91,75,mag3,05-25,1975,9323.52,357.411,17989.41
ipsl-cm6a-lr,historical,40,25,-91,75,mag5,05-15,1961,9695.01,351.512,17778.33
ukesm1-0-ll,historical,40,25,-91,75,mag7,04-25,1962,9523.61,417.018,22372.98
ukesm1-0-ll,historical,40,25,-91,75,mag8,05-25,1970,9716.01,444.306,22509.76
ukesm1-0-ll,historical,40,25,-91,75,mag6,04-25,1970,11505.85,417.659,21922.82
ipsl-cm6a-lr,historical,40,25,-91,75,mag5,05-07,1975,9422.04,395.294,20178.73
mpi-esm1-2-hr,historical,40,25,-91,75,mag5,05-15,1968,9194.08,377.429,17526.38
mpi-esm1-2-hr,historical,40,25,-91,75,mag7,04-25,1975,8301.66,427.59299999999996,19684.9
ukesm1-0-ll,historical,40,25,-91,75,mag4,04-25,1963,16940.78,444.603,28774.13
ukesm1-0-ll,historical,40,25,-91,75,mag2,04-15,1977,11059.06,475.737,25246.03
mri-esm2-0,historical,40,25,-91,75,mag4,05-15,1969,14079.09,442.229,23270.6
ukesm1-0-ll,historical,40,25,-91,75,mag7,04-25,1974,9835.18,413.991,22701.51
ipsl-cm6a-lr,historical,40,25,-91,75,mag6,04-25,1975,8914.93,428.763,21797.96
ukesm1-0-ll,historical,40,25,-91,75,mag5,05-07,1970,11417.63,368.54499999999996,19655.91
gfdl-esm4,historical,40,25,-91,75,mag2,05-15,1967,10530.26,477.12399999999997,25120.47
ukesm1-0-ll,historical,40,25,-91,75,mag2,05-25,1962,9752.9,422.936,23657.13
ipsl-cm6a-lr,historical,40,25,-91,75,mag8,05-25,1975,8434.95,443.576,20214.52
mpi-esm1-2-hr,historical,40,25,-91,75,mag5,05-15,1973,9849.31,399.359,19387.73
ukesm1-0-ll,historical,40,25,-91,75,mag4,05-07,1974,15033.7,418.704,26208.68
gfdl-esm4,historical,40,25,-91,75,mag3,05-15,1963,8742.94,348.743,17160.44
mpi-esm1-2-hr,historical,40,25,-91,75,mag3,05-25,1967,8002.13,323.877,15068.61
mri-esm2-0,historical,40,25,-91,75,mag5,05-15,1976,9403.71,359.527,17386.97
gfdl-esm4,historical,40,25,-91,75,mag5,04-15,1979,9120.75,386.508,19249.5
ukesm1-0-ll,historical,40,25,-91,75,mag3,04-15,1968,8639.78,371.885,18144.14
ukesm1-0-ll,historical,40,25,-91,75,mag3,05-25,1966,8379.84,319.03499999999997,15584.25
mpi-esm1-2-hr,historical,40,25,-91,75,mag4,05-07,1975,13620.32,439.878,23463.49
ukesm1-0-ll,historical,40,25,-91,75,mag7,05-07,1963,11143.78,418.874,24141.64
ipsl-cm6a-lr,historical,40,25,-91,75,mag3,05-15,1975,8924.55,371.822,18915.9
mpi-esm1-2-hr,historical,40,25,-91,75,mag3,05-07,1968,9039.48,370.048,17871.17
gfdl-esm4,historical,40,25,-91,75,mag7,04-25,1967,11236.81,432.933,22882.9
ipsl-cm6a-lr,historical,40,25,-91,75,mag5,05-25,1961,9115.19,326.766,16443.44
ukesm1-0-ll,historical,40,25,-91,75,mag7,04-15,1962,9662.73,410.3,22132.9
gfdl-esm4,historical,40,25,-91,75,mag8,05-07,1980,6500.6,437.68499999999995,18772.97
gfdl-esm4,historical,40,25,-91,75,mag6,04-25,1963,8703.54,397.89300000000003,18688.78
ukesm1-0-ll,historical,40,25,-91,75,mag8,04-25,1968,7750.3,458.389,20465.58
ukesm1-0-ll,historical,40,25,-91,75,mag8,05-15,1966,9133.9,405.886,20928.97
mpi-esm1-2-hr,historical,40,25,-91,75,mag6,04-15,1967,9194.3,398.663,18945.74
mri-esm2-0,historical,40,25,-91,75,mag2,05-07,1969,10409.89,473.705,23845.12
ukesm1-0-ll,historical,40,25,-91,75,mag6,05-25,1968,9117.7,370.732,17583.13
mpi-esm1-2-hr,historical,40,25,-91,75,mag8,05-15,1967,7553.01,424.355,18930.79
ukesm1-0-ll,historical,40,25,-91,75,mag6,04-15,1966,10577.34,401.297,21324.81
gfdl-esm4,historical,40,25,-91,75,mag8,05-25,1963,8876.96,408.62,19835.94
ipsl-cm6a-lr,historical,40,25,-91,75,mag8,05-07,1961,8906.22,442.428,21453.52
gfdl-esm4,historical,40,25,-91,75,mag4,05-07,1967,16598.22,439.48,25222.02
ukesm1-0-ll,historical,40,25,-91,75,mag3,05-15,1970,10887.81,344.42400000000004,18958.31
gfdl-esm4,historical,40,25,-91,75,mag5,05-25,1980,7131.72,322.213,14106.7
mpi-esm1-2-hr,historical,40,25,-91,75,mag2,05-15,1975,9524.0,471.685,24246.64
mri-esm2-0,historical,40,25,-91,75,mag4,05-25,1964,13191.77,411.633,20808.88
ukesm1-0-ll,historical,40,25,-91,75,mag7,05-25,1977,10545.25,401.573,20661.76
mri-esm2-0,historical,40,25,-91,75,mag3,05-07,1976,8837.39,348.561,17361.74
gfdl-esm4,historical,40,25,-91,75,mag5,05-07,1963,8905.96,365.626,17839.21
ukesm1-0-ll,historical,40,25,-91,75,mag2,05-15,1974,9800.55,446.418,25433.99
mpi-esm1-2-hr,historical,40,25,-91,75,mag3,05-07,1973,9603.51,412.024,20058.09
gfdl-esm4,historical,40,25,-91,75,mag3,05-25,1963,8945.34,335.361,16438.63
mpi-esm1-2-hr,historical,40,25,-91,75,mag5,05-25,1973,9154.98,379.936,18097.83
mri-esm2-0,historical,40,25,-91,75,mag5,05-25,1976,9878.74,355.765,17324.47
gfdl-esm4,historical,40,25,-91,75,mag5,04-25,1979,9321.12,373.63100000000003,18983.1
mpi-esm1-2-hr,historical,40,25,-91,75,mag3,05-15,1967,8638.05,344.929,16433.62
ukesm1-0-ll,historical,40,25,-91,75,mag3,05-15,1966,8557.8,316.238,15971.73
ukesm1-0-ll,historical,40,25,-91,75,mag3,04-25,1968,8567.36,375.79,17898.2
mri-esm2-0,historical,40,25,-91,75,mag2,05-07,1964,10230.85,462.329,24029.93
gfdl-esm4,historical,40,25,-91,75,mag2,05-25,1967,10330.5,485.20500000000004,24992.69
gfdl-esm4,historical,40,25,-91,75,mag3,05-07,1980,8888.85,343.01599999999996,17154.96
ipsl-cm6a-lr,historical,40,25,-91,75,mag6,04-15,1975,9097.71,436.974,22782.78
ukesm1-0-ll,historical,40,25,-91,75,mag2,05-15,1962,9830.77,428.64099999999996,24061.63
ipsl-cm6a-lr,historical,40,25,-91,75,mag8,05-15,1975,8147.91,455.289,21047.19
mpi-esm1-2-hr,historical,40,25,-91,75,mag8,05-07,1968,8280.0,460.345,20790.53
mpi-esm1-2-hr,historical,40,25,-91,75,mag8,05-07,1973,7664.84,486.874,21675.54
ukesm1-0-ll,historical,40,25,-91,75,mag4,04-15,1963,17121.5,450.118,28863.15
mpi-esm1-2-hr,historical,40,25,-91,75,mag7,04-15,1975,8387.28,439.826,20058.08
ukesm1-0-ll,historical,40,25,-91,75,mag2,04-25,1977,11008.33,472.451,25411.79
mri-esm2-0,historical,40,25,-91,75,mag8,05-07,1976,9246.41,441.012,21528.03
gfdl-esm4,historical,40,25,-91,75,mag6,05-07,1979,9509.55,375.956,19031.41
mri-esm2-0,historical,40,25,-91,75,mag4,05-25,1969,14673.63,423.451,23064.23
ukesm1-0-ll,historical,40,25,-91,75,mag7,04-15,1974,10099.82,415.62199999999996,22341.25
ukesm1-0-ll,historical,40,25,-91,75,mag8,05-15,1970,9431.8,447.543,22523.3
ipsl-cm6a-lr,historical,40,25,-91,75,mag3,05-07,1961,10267.72,359.211,18794.68
mpi-esm1-2-hr,historical,40,25,-91,75,mag5,05-25,1968,8679.44,327.477,15258.04
ukesm1-0-ll,historical,40,25,-91,75,mag6,04-15,1970,11261.99,432.87600000000003,22244.44
mri-esm2-0,historical,40,25,-91,75,mag4,04-15,1964,14710.97,473.02,24976.68
mpi-esm1-2-hr,historical,40,25,-91,75,mag2,04-25,1975,9211.56,474.509,23723.02
ukesm1-0-ll,historical,40,25,-91,75,mag7,04-15,1977,9979.74,436.017,21980.07
ukesm1-0-ll,historical,40,25,-91,75,mag2,04-25,1974,9822.03,443.689,26084.91
ukesm1-0-ll,historical,40,25,-91,75,mag3,04-25,1970,10600.79,370.115,19507.85
gfdl-esm4,historical,40,25,-91,75,mag5,04-15,1980,9810.83,374.781,18132.75
gfdl-esm4,historical,40,25,-91,75,mag6,05-15,1963,9109.88,384.15500000000003,18545.23
ukesm1-0-ll,historical,40,25,-91,75,mag8,05-15,1968,8308.79,421.008,19609.76
mpi-esm1-2-hr,historical,40,25,-91,75,mag6,05-25,1967,8124.69,363.241,16629.64
ukesm1-0-ll,historical,40,25,-91,75,mag8,04-25,1966,8752.66,430.83,22285.56
ukesm1-0-ll,historical,40,25,-91,75,mag6,04-15,1968,8533.53,415.04,19607.7
ukesm1-0-ll,historical,40,25,-91,75,mag6,05-25,1966,9386.49,353.094,18050.27
mpi-esm1-2-hr,historical,40,25,-91,75,mag8,04-25,1967,7944.16,434.938,19497.82
ukesm1-0-ll,historical,40,25,-91,75,mag2,05-07,1963,10401.04,465.701,26174.6
gfdl-esm4,historical,40,25,-91,75,mag8,04-15,1963,7981.31,466.233,20073.12
ipsl-cm6a-lr,historical,40,25,-91,75,mag3,04-25,1975,9583.45,399.645,20932.99
gfdl-esm4,historical,40,25,-91,75,mag7,05-15,1967,10640.86,429.85400000000004,22045.9
ipsl-cm6a-lr,historical,40,25,-91,75,mag5,04-15,1961,11331.36,384.118,20910.99
ukesm1-0-ll,historical,40,25,-91,75,mag7,05-25,1962,9041.74,374.288,20249.08
ukesm1-0-ll,historical,40,25,-91,75,mag8,04-25,1970,9947.87,467.67600000000004,23570.28
mpi-esm1-2-hr,historical,40,25,-91,75,mag5,04-15,1968,9268.49,367.544,15460.92
ukesm1-0-ll,historical,40,25,-91,75,mag6,05-25,1970,10269.73,382.421,20890.38
mpi-esm1-2-hr,historical,40,25,-91,75,mag7,05-25,1975,8993.5,389.539,19539.38
ukesm1-0-ll,historical,40,25,-91,75,mag4,05-25,1963,16347.16,417.76,26080.2
ukesm1-0-ll,historical,40,25,-91,75,mag2,05-15,1977,10941.8,460.707,24768.73
mri-esm2-0,historical,40,25,-91,75,mag4,04-15,1969,13450.62,468.68100000000004,23305.92
ukesm1-0-ll,historical,40,25,-91,75,mag7,05-25,1974,8880.82,393.848,21529.45
gfdl-esm4,historical,40,25,-91,75,mag2,04-15,1967,11557.21,469.437,26000.02
ipsl-cm6a-lr,historical,40,25,-91,75,mag6,05-25,1975,9231.54,395.63500000000005,19347.82
ukesm1-0-ll,historical,40,25,-91,75,mag2,04-25,1962,10245.67,434.99300000000005,25246.54
ipsl-cm6a-lr,historical,40,25,-91,75,mag8,04-25,1975,7797.06,477.619,22762.36
gfdl-esm4,historical,40,25,-91,75,mag3,04-15,1963,8366.8,365.458,16307.43
mpi-esm1-2-hr,historical,40,25,-91,75,mag5,04-15,1973,10188.69,429.858,21012.49
mpi-esm1-2-hr,historical,40,25,-91,75,mag3,04-25,1967,8582.61,348.939,15909.64
gfdl-esm4,historical,40,25,-91,75,mag5,05-15,1979,9411.8,338.249,16799.34
mri-esm2-0,historical,40,25,-91,75,mag5,04-15,1976,9592.26,364.18399999999997,18604.53
ukesm1-0-ll,historical,40,25,-91,75,mag3,04-25,1966,10797.85,355.072,19262.09
ukesm1-0-ll,historical,40,25,-91,75,mag3,05-15,1968,8453.78,345.538,16573.14
gfdl-esm4,historical,40,25,-91,75,mag7,05-25,1967,10449.47,422.841,21800.74
ipsl-cm6a-lr,historical,40,25,-91,75,mag3,04-15,1975,10083.04,403.812,22007.65
gfdl-esm4,historical,40,25,-91,75,mag6,05-07,1980,8485.31,385.818,18323.21
ipsl-cm6a-lr,historical,40,25,-91,75,mag5,04-25,1961,11403.96,384.792,20986.9
ukesm1-0-ll,historical,40,25,-91,75,mag7,05-15,1962,9631.94,393.468,20714.13
gfdl-esm4,historical,40,25,-91,75,mag6,05-25,1963,9522.81,361.896,18035.94
mpi-esm1-2-hr,historical,40,25,-91,75,mag6,05-15,1967,8592.49,378.045,17788.9
ukesm1-0-ll,historical,40,25,-91,75,mag8,04-15,1966,8866.49,440.062,22593.0
ukesm1-0-ll,historical,40,25,-91,75,mag8,05-25,1968,8332.47,412.359,19163.49
ukesm1-0-ll,historical,40,25,-91,75,mag6,05-15,1966,9220.72,357.71500000000003,18648.16
mpi-esm1-2-hr,historical,40,25,-91,75,mag8,04-15,1967,8108.34,446.361,20294.49
ukesm1-0-ll,historical,40,25,-91,75,mag4,05-07,1977,15293.29,449.351,24540.79
ukesm1-0-ll,historical,40,25,-91,75,mag6,04-25,1968,8587.52,414.506,19286.8
gfdl-esm4,historical,40,25,-91,75,mag8,04-25,1963,8318.26,439.623,19973.81
mri-esm2-0,historical,40,25,-91,75,mag7,05-07,1964,9332.5,421.495,19666.56
ipsl-cm6a-lr,historical,40,25,-91,75,mag6,05-07,1961,9953.75,397.406,20145.34
gfdl-esm4,historical,40,25,-91,75,mag5,04-25,1980,9513.64,362.187,17662.63
ukesm1-0-ll,historical,40,25,-91,75,mag3,04-15,1970,10767.58,383.335,20463.95
mpi-esm1-2-hr,historical,40,25,-91,75,mag2,04-15,1975,9317.36,476.814,23628.22
mri-esm2-0,historical,40,25,-91,75,mag4,04-25,1964,14704.38,446.549,23838.34
ukesm1-0-ll,historical,40,25,-91,75,mag7,04-25,1977,9960.72,436.202,21916.75
ukesm1-0-ll,historical,40,25,-91,75,mag5,05-07,1968,8718.0,373.39300000000003,17687.43
gfdl-esm4,historical,40,25,-91,75,mag3,05-07,1979,9367.84,335.80400000000003,17283.92
ukesm1-0-ll,historical,40,25,-91,75,mag2,04-15,1974,10023.43,454.59,25244.2
mpi-esm1-2-hr,historical,40,25,-91,75,mag5,04-25,1973,9997.53,418.12,20460.33
gfdl-esm4,historical,40,25,-91,75,mag3,04-25,1963,8476.39,358.827,17007.75
mri-esm2-0,historical,40,25,-91,75,mag7,05-07,1969,8972.81,425.044,20044.85
gfdl-esm4,historical,40,25,-91,75,mag5,05-25,1979,9429.4,324.89599999999996,16745.4
mri-esm2-0,historical,40,25,-91,75,mag5,04-25,1976,9395.22,356.515,18117.26
mpi-esm1-2-hr,historical,40,25,-91,75,mag3,04-15,1967,8984.58,362.831,17399.14
ukesm1-0-ll,historical,40,25,-91,75,mag3,05-25,1968,8550.59,338.62,15844.96
ukesm1-0-ll,historical,40,25,-91,75,mag3,04-15,1966,11415.0,370.915,20151.03
mpi-esm1-2-hr,historical,40,25,-91,75,mag6,05-07,1968,9224.25,417.84700000000004,19527.08
ipsl-cm6a-lr,historical,40,25,-91,75,mag6,05-15,1975,9191.02,411.20000000000005,20291.01
gfdl-esm4,historical,40,25,-91,75,mag2,04-25,1967,11557.21,469.437,26000.02
ukesm1-0-ll,historical,40,25,-91,75,mag2,04-15,1962,10292.42,442.792,25603.37
ipsl-cm6a-lr,historical,40,25,-91,75,mag8,04-15,1975,7411.6,481.788,23435.64
ukesm1-0-ll,historical,40,25,-91,75,mag4,05-15,1963,16260.67,427.898,26572.18
mpi-esm1-2-hr,historical,40,25,-91,75,mag7,05-15,1975,8363.45,417.456,19944.53
gfdl-esm4,historical,40,25,-91,75,mag8,05-07,1979,9010.0,419.178,20369.74
ukesm1-0-ll,historical,40,25,-91,75,mag2,05-25,1977,10824.04,453.049,24558.37
mri-esm2-0,historical,40,25,-91,75,mag4,04-25,1969,13335.91,480.005,23968.01
mri-esm2-0,historical,40,25,-91,75,mag6,05-07,1976,9370.23,386.274,19077.82
ukesm1-0-ll,historical,40,25,-91,75,mag7,05-15,1974,9081.15,387.77000000000004,22199.11
mpi-esm1-2-hr,historical,40,25,-91,75,mag6,05-07,1973,9349.89,444.736,20964.07
ukesm1-0-ll,historical,40,25,-91,75,mag8,04-15,1970,10510.97,476.853,23855.77
ukesm1-0-ll,historical,40,25,-91,75,mag6,05-15,1970,10791.32,392.512,21116.78
mpi-esm1-2-hr,historical,40,25,-91,75,mag5,04-25,1968,9642.14,382.83599999999996,18360.72
gfdl-esm4,historical,40,25,-91,75,mag6,05-07,1963,8842.93,392.71799999999996,18759.98
mri-esm2-0,historical,40,25,-91,75,mag2,04-25,1969,10005.88,502.836,23719.12
ukesm1-0-ll,historical,40,25,-91,75,mag8,05-07,1968,8139.52,435.618,19984.56
ukesm1-0-ll,historical,40,25,-91,75,mag4,05-25,1977,14969.41,418.494,23488.07
ukesm1-0-ll,historical,40,25,-91,75,mag2,05-15,1963,10066.4,459.101,25513.35
mri-esm2-0,historical,40,25,-91,75,mag7,05-25,1964,9153.74,401.59799999999996,18764.6
gfdl-esm4,historical,40,25,-91,75,mag7,05-07,1967,10980.02,429.75600000000003,22414.88
mpi-esm1-2-hr,historical,40,25,-91,75,mag3,04-25,1968,9370.4,369.455,17992.99
gfdl-esm4,historical,40,25,-91,75,mag6,05-25,1980,7087.1,360.23600000000005,15371.21
gfdl-esm4,historical,40,25,-91,75,mag8,04-25,1980,6968.81,449.46599999999995,19470.94
ukesm1-0-ll,historical,40,25,-91,75,mag5,05-25,1968,8812.59,347.05899999999997,16171.42
ukesm1-0-ll,historical,40,25,-91,75,mag5,04-15,1966,11555.13,377.819,20409.89
mri-esm2-0,historical,40,25,-91,75,mag3,04-25,1976,9103.08,344.919,17738.51
gfdl-esm4,historical,40,25,-91,75,mag3,05-25,1979,9224.14,319.096,16485.98
mpi-esm1-2-hr,historical,40,25,-91,75,mag5,04-15,1967,9252.96,374.386,17751.25
mpi-esm1-2-hr,historical,40,25,-91,75,mag3,04-25,1973,9743.29,404.704,20133.89
gfdl-esm4,historical,40,25,-91,75,mag5,04-25,1963,8790.73,372.714,17411.13
ipsl-cm6a-lr,historical,40,25,-91,75,mag8,04-25,1961,9118.18,448.428,22556.87
ukesm1-0-ll,historical,40,25,-91,75,mag4,04-15,1962,14740.47,431.56300000000005,25525.45
ipsl-cm6a-lr,historical,40,25,-91,75,mag6,05-25,1961,9324.8,355.70000000000005,18108.02
gfdl-esm4,historical,40,25,-91,75,mag4,04-25,1967,16753.39,448.86,26022.78
mpi-esm1-2-hr,historical,40,25,-91,75,mag6,05-25,1968,8895.19,357.60400000000004,17002.71
gfdl-esm4,historical,40,25,-91,75,mag3,04-25,1980,9323.2,351.201,17385.63
ukesm1-0-ll,historical,40,25,-91,75,mag5,04-15,1970,11030.56,397.37,20801.66
mpi-esm1-2-hr,historical,40,25,-91,75,mag8,04-25,1968,8555.56,464.126,20956.4
ukesm1-0-ll,historical,40,25,-91,75,mag4,04-15,1974,14855.02,419.202,24245.19
gfdl-esm4,historical,40,25,-91,75,mag5,05-07,1979,9742.63,348.202,17746.91
mri-esm2-0,historical,40,25,-91,75,mag7,05-25,1969,9957.73,403.149,20060.78
ukesm1-0-ll,historical,40,25,-91,75,mag3,05-07,1968,8432.04,360.57,17322.15
mpi-esm1-2-hr,historical,40,25,-91,75,mag4,04-15,1975,13239.94,451.41200000000003,22555.09
mri-esm2-0,historical,40,25,-91,75,mag2,04-25,1964,10711.09,460.49699999999996,24724.69
ukesm1-0-ll,historical,40,25,-91,75,mag7,04-15,1963,11104.3,438.764,25495.36
ipsl-cm6a-lr,historical,40,25,-91,75,mag3,04-25,1961,10924.42,373.294,20420.25
ipsl-cm6a-lr,historical,40,25,-91,75,mag5,04-15,1975,10318.19,416.617,22356.98
mpi-esm1-2-hr,historical,40,25,-91,75,mag8,04-25,1973,8122.5,492.364,22042.46
gfdl-esm4,historical,40,25,-91,75,mag8,05-25,1979,9407.32,401.895,20131.3
mri-esm2-0,historical,40,25,-91,75,mag8,04-25,1976,8901.17,435.21999999999997,21189.81
ukesm1-0-ll,historical,40,25,-91,75,mag2,05-07,1977,11000.24,466.37300000000005,25089.85
gfdl-esm4,historical,40,25,-91,75,mag6,04-25,1979,9371.84,399.018,20054.69
mri-esm2-0,historical,40,25,-91,75,mag6,05-25,1976,10484.21,390.42699999999996,19362.06
mpi-esm1-2-hr,historical,40,25,-91,75,mag6,05-25,1973,8687.03,407.337,19015.96
ukesm1-0-ll,historical,40,25,-91,75,mag4,04-25,1962,14461.36,433.024,25802.27
ipsl-cm6a-lr,historical,40,25,-91,75,mag8,04-15,1961,9565.13,446.56500000000005,22803.94
ipsl-cm6a-lr,historical,40,25,-91,75,mag6,05-15,1961,9676.55,380.514,19183.96
gfdl-esm4,historical,40,25,-91,75,mag4,04-15,1967,16961.52,458.552,26481.44
ukesm1-0-ll,historical,40,25,-91,75,mag5,04-25,1966,11072.48,368.135,19679.29
ukesm1-0-ll,historical,40,25,-91,75,mag5,05-15,1968,8769.28,358.798,16963.0
mpi-esm1-2-hr,historical,40,25,-91,75,mag5,04-25,1967,8695.45,356.461,16099.33
mri-esm2-0,historical,40,25,-91,75,mag3,04-15,1976,9366.81,354.616,18265.03
gfdl-esm4,historical,40,25,-91,75,mag3,05-15,1979,9195.43,329.26300000000003,16508.22
gfdl-esm4,historical,40,25,-91,75,mag5,04-15,1963,8723.1,380.272,16734.88
mpi-esm1-2-hr,historical,40,25,-91,75,mag3,04-15,1973,9948.57,417.343,20687.79
mpi-esm1-2-hr,historical,40,25,-91,75,mag3,04-15,1968,9082.36,359.99800000000005,15167.8
gfdl-esm4,historical,40,25,-91,75,mag6,05-15,1980,7471.27,371.594,16749.76
ukesm1-0-ll,historical,40,25,-91,75,mag7,05-07,1962,9621.36,405.53099999999995,21442.83
gfdl-esm4,historical,40,25,-91,75,mag8,04-15,1980,7919.63,457.536,20416.63
mpi-esm1-2-hr,historical,40,25,-91,75,mag6,05-07,1967,8750.38,375.869,17645.13
mri-esm2-0,historical,40,25,-91,75,mag2,04-15,1969,9837.13,503.541,23657.71
ukesm1-0-ll,historical,40,25,-91,75,mag4,05-15,1977,15131.63,443.798,24472.39
ukesm1-0-ll,historical,40,25,-91,75,mag6,05-07,1966,9644.55,376.57000000000005,19805.05
mri-esm2-0,historical,40,25,-91,75,mag7,05-15,1964,9299.65,425.97900000000004,19561.55
ukesm1-0-ll,historical,40,25,-91,75,mag2,05-25,1963,9370.32,447.559,24506.13
mpi-esm1-2-hr,historical,40,25,-91,75,mag8,04-15,1973,8383.31,507.422,22519.82
ukesm1-0-ll,historical,40,25,-91,75,mag4,05-07,1963,16584.66,434.13300000000004,27493.84
mpi-esm1-2-hr,historical,40,25,-91,75,mag7,05-07,1975,8359.63,418.827,19917.2
gfdl-esm4,historical,40,25,-91,75,mag8,05-15,1979,9247.06,413.722,20068.04
mri-esm2-0,historical,40,25,-91,75,mag8,04-15,1976,8374.52,445.336,21123.62
gfdl-esm4,historical,40,25,-91,75,mag6,04-15,1979,8891.05,412.438,20211.05
mri-esm2-0,historical,40,25,-91,75,mag6,05-15,1976,9928.41,391.644,19321.65
mpi-esm1-2-hr,historical,40,25,-91,75,mag6,05-15,1973,8874.21,423.734,20023.14
ukesm1-0-ll,historical,40,25,-91,75,mag7,05-07,1974,9422.59,400.144,22601.96
ipsl-cm6a-lr,historical,40,25,-91,75,mag3,04-15,1961,10873.1,370.935,20367.09
ipsl-cm6a-lr,historical,40,25,-91,75,mag5,04-25,1975,9742.45,408.074,21209.58
ukesm1-0-ll,historical,40,25,-91,75,mag6,05-07,1970,11320.1,401.226,21286.13
ukesm1-0-ll,historical,40,25,-91,75,mag4,04-25,1974,15330.56,432.438,26290.17
mri-esm2-0,historical,40,25,-91,75,mag7,05-15,1969,9571.02,414.679,20000.95
ukesm1-0-ll,historical,40,25,-91,75,mag7,04-25,1963,10937.71,431.081,25200.03
mri-esm2-0,historical,40,25,-91,75,mag2,04-15,1964,11038.58,486.50100000000003,25198.8
mpi-esm1-2-hr,historical,40,25,-91,75,mag4,04-25,1975,13227.28,443.859,22569.95
ukesm1-0-ll,historical,40,25,-91,75,mag5,04-25,1970,11196.36,382.479,20171.69
mpi-esm1-2-hr,historical,40,25,-91,75,mag6,05-15,1968,9433.88,403.413,18861.84
gfdl-esm4,historical,40,25,-91,75,mag3,04-15,1980,9545.39,367.484,17769.31
ipsl-cm6a-lr,historical,40,25,-91,75,mag6,05-07,1975,8747.48,424.14099999999996,20942.85
mpi-esm1-2-hr,historical,40,25,-91,75,mag8,04-15,1968,8665.53,472.988,20230.67
ukesm1-0-ll,historical,40,25,-91,75,mag3,04-25,1962,9533.34,354.373,20388.33
ipsl-cm6a-lr,historical,40,25,-91,75,mag7,05-25,1975,8717.1,418.04600000000005,19802.3
gfdl-esm4,historical,40,25,-91,75,mag3,04-15,1967,11754.17,374.846,20346.14
ukesm1-0-ll,historical,40,25,-91,75,mag2,05-15,1968,9989.25,438.193,23720.56
ukesm1-0-ll,historical,40,25,-91,75,mag2,04-25,1966,9759.55,437.48,24402.28
mpi-esm1-2-hr,historical,40,25,-91,75,mag4,04-15,1973,14150.07,507.5,25442.63
gfdl-esm4,historical,40,25,-91,75,mag2,04-15,1963,9728.41,467.991,23232.3
ukesm1-0-ll,historical,40,25,-91,75,mag8,05-07,1963,10230.06,439.68500000000006,24590.44
gfdl-esm4,historical,40,25,-91,75,mag4,05-15,1979,13977.31,411.32000000000005,22393.85
mri-esm2-0,historical,40,25,-91,75,mag4,04-15,1976,14021.77,445.748,23757.22
mpi-esm1-2-hr,historical,40,25,-91,75,mag2,04-25,1967,10228.49,465.724,23230.99
ukesm1-0-ll,historical,40,25,-91,75,mag7,05-25,1970,9829.47,414.493,21711.14
mpi-esm1-2-hr,historical,40,25,-91,75,mag4,04-15,1968,12936.02,444.454,19773.08
mri-esm2-0,historical,40,25,-91,75,mag5,04-15,1969,9363.66,386.642,18315.91
ukesm1-0-ll,historical,40,25,-91,75,mag6,05-25,1974,9389.33,363.07399999999996,20847.99
mpi-esm1-2-hr,historical,40,25,-91,75,mag8,04-25,1975,7892.15,451.66600000000005,20429.29
ukesm1-0-ll,historical,40,25,-91,75,mag5,05-25,1963,11649.06,341.52599999999995,20476.04
mpi-esm1-2-hr,historical,40,25,-91,75,mag6,05-25,1975,9017.46,363.579,18439.39
ukesm1-0-ll,historical,40,25,-91,75,mag8,04-25,1974,8985.81,435.043,23305.37
ukesm1-0-ll,historical,40,25,-91,75,mag3,05-15,1977,9817.69,352.765,18287.02
ukesm1-0-ll,historical,40,25,-91,75,mag7,05-25,1966,9383.54,386.525,19566.31
ukesm1-0-ll,historical,40,25,-91,75,mag7,04-15,1968,8147.65,441.427,20249.49
ukesm1-0-ll,historical,40,25,-91,75,mag3,05-07,1963,11518.42,365.723,21981.23
gfdl-esm4,historical,40,25,-91,75,mag7,05-15,1963,8970.26,402.28200000000004,19325.54
mpi-esm1-2-hr,historical,40,25,-91,75,mag7,05-25,1967,7629.23,389.383,17401.85
ukesm1-0-ll,historical,40,25,-91,75,mag6,05-25,1962,9557.47,355.847,19546.15
gfdl-esm4,historical,40,25,-91,75,mag8,04-15,1967,10768.19,460.36199999999997,23781.04
gfdl-esm4,historical,40,25,-91,75,mag6,05-15,1967,10892.2,400.35299999999995,20287.6
ipsl-cm6a-lr,historical,40,25,-91,75,mag2,04-25,1975,9883.12,497.755,25215.38
ipsl-cm6a-lr,historical,40,25,-91,75,mag4,04-15,1961,15625.96,450.094,25903.96
ukesm1-0-ll,historical,40,25,-91,75,mag8,04-25,1962,9027.93,434.203,22653.46
ukesm1-0-ll,historical,40,25,-91,75,mag8,05-15,1977,10076.31,444.108,21937.79
ukesm1-0-ll,historical,40,25,-91,75,mag3,04-25,1974,10452.18,351.19899999999996,20774.15
mpi-esm1-2-hr,historical,40,25,-91,75,mag3,04-25,1975,8965.79,358.9,17368.93
mri-esm2-0,historical,40,25,-91,75,mag5,04-15,1964,10538.04,392.89799999999997,20016.25
ukesm1-0-ll,historical,40,25,-91,75,mag6,04-15,1977,10515.46,406.31,21051.25
gfdl-esm4,historical,40,25,-91,75,mag4,04-15,1980,13333.35,448.017,22304.13
ukesm1-0-ll,historical,40,25,-91,75,mag2,04-25,1970,11126.79,497.23799999999994,25860.6
mri-esm2-0,historical,40,25,-91,75,mag5,04-25,1969,9227.13,397.13599999999997,18755.73
mri-esm2-0,historical,40,25,-91,75,mag7,05-07,1976,9530.85,413.554,20448.16
mpi-esm1-2-hr,historical,40,25,-91,75,mag7,05-07,1973,8332.61,467.47900000000004,21359.89
ukesm1-0-ll,historical,40,25,-91,75,mag6,05-15,1974,9961.52,371.42699999999996,21590.09
mpi-esm1-2-hr,historical,40,25,-91,75,mag8,04-15,1975,7708.62,464.06600000000003,20615.17
mpi-esm1-2-hr,historical,40,25,-91,75,mag6,05-15,1975,8556.56,391.03200000000004,18835.29
ukesm1-0-ll,historical,40,25,-91,75,mag8,04-15,1974,9642.8,440.49199999999996,22937.73
ukesm1-0-ll,historical,40,25,-91,75,mag5,05-15,1963,11624.17,357.493,21058.58
ukesm1-0-ll,historical,40,25,-91,75,mag3,05-25,1977,9966.25,336.074,17433.7
mpi-esm1-2-hr,historical,40,25,-91,75,mag4,04-25,1968,14077.15,465.447,23393.36
ukesm1-0-ll,historical,40,25,-91,75,mag7,05-15,1970,10135.09,421.183,22036.09
ukesm1-0-ll,historical,40,25,-91,75,mag2,04-15,1966,9787.71,438.287,24272.4
ukesm1-0-ll,historical,40,25,-91,75,mag2,05-25,1968,9823.39,426.36899999999997,22779.88
gfdl-esm4,historical,40,25,-91,75,mag2,04-25,1963,10037.54,446.788,23341.59
mpi-esm1-2-hr,historical,40,25,-91,75,mag4,04-25,1973,13818.62,496.128,25191.1
mpi-esm1-2-hr,historical,40,25,-91,75,mag2,04-15,1967,10084.85,474.886,23690.6
mri-esm2-0,historical,40,25,-91,75,mag6,05-07,1969,9011.22,401.11199999999997,19155.59
gfdl-esm4,historical,40,25,-91,75,mag4,05-25,1979,14124.64,400.426,22260.44
mri-esm2-0,historical,40,25,-91,75,mag4,04-25,1976,14082.65,433.738,23649.42
ukesm1-0-ll,historical,40,25,-91,75,mag3,04-15,1962,9622.4,345.731,19629.92
gfdl-esm4,historical,40,25,-91,75,mag3,04-25,1967,11533.45,365.97,19717.55
ipsl-cm6a-lr,historical,40,25,-91,75,mag7,05-15,1975,8794.8,432.52500000000003,20791.57
mpi-esm1-2-hr,historical,40,25,-91,75,mag7,05-07,1968,8952.16,441.34999999999997,20358.18
ipsl-cm6a-lr,historical,40,25,-91,75,mag7,05-07,1961,9308.3,424.157,20967.49
ukesm1-0-ll,historical,40,25,-91,75,mag2,04-15,1970,11425.61,494.112,25647.76
gfdl-esm4,historical,40,25,-91,75,mag4,04-25,1980,12859.41,449.271,22097.25
gfdl-esm4,historical,40,25,-91,75,mag2,05-07,1979,10541.76,441.427,23940.91
ukesm1-0-ll,historical,40,25,-91,75,mag8,05-25,1977,10273.99,425.865,21750.8
ukesm1-0-ll,historical,40,25,-91,75,mag3,04-15,1974,10413.0,343.027,18983.28
mri-esm2-0,historical,40,25,-91,75,mag5,04-25,1964,10297.23,375.505,18846.16
mpi-esm1-2-hr,historical,40,25,-91,75,mag3,04-15,1975,9168.2,369.526,17904.19
ukesm1-0-ll,historical,40,25,-91,75,mag6,04-25,1977,10409.07,408.371,20854.09
ukesm1-0-ll,historical,40,25,-91,75,mag4,05-07,1968,12968.08,439.003,22839.64
ukesm1-0-ll,historical,40,25,-91,75,mag6,05-15,1962,10112.11,372.442,19941.28
gfdl-esm4,historical,40,25,-91,75,mag8,04-25,1967,10667.5,450.946,23530.9
gfdl-esm4,historical,40,25,-91,75,mag7,05-07,1980,7250.42,416.634,18673.65
ipsl-cm6a-lr,historical,40,25,-91,75,mag2,04-15,1975,9938.26,492.43100000000004,24664.9
gfdl-esm4,historical,40,25,-91,75,mag6,05-25,1967,10666.26,390.772,20325.57
ukesm1-0-ll,historical,40,25,-91,75,mag8,04-15,1962,9280.92,435.199,22568.64
ipsl-cm6a-lr,historical,40,25,-91,75,mag4,04-25,1961,15337.29,446.43499999999995,25444.15
ukesm1-0-ll,historical,40,25,-91,75,mag5,05-07,1977,10272.91,367.024,18508.14
ukesm1-0-ll,historical,40,25,-91,75,mag7,04-25,1968,8188.03,439.994,19996.86
ukesm1-0-ll,historical,40,25,-91,75,mag7,05-15,1966,9320.43,382.62699999999995,20080.81
mri-esm2-0,historical,40,25,-91,75,mag6,05-07,1964,9641.13,390.19,18449.65
gfdl-esm4,historical,40,25,-91,75,mag7,05-25,1963,9317.4,381.42499999999995,18995.18
mpi-esm1-2-hr,historical,40,25,-91,75,mag7,05-15,1967,8056.11,399.74199999999996,18424.26
ipsl-cm6a-lr,historical,40,25,-91,75,mag2,04-25,1961,10416.08,464.794,25116.23
ipsl-cm6a-lr,historical,40,25,-91,75,mag4,04-15,1975,14265.52,478.838,26820.35
gfdl-esm4,historical,40,25,-91,75,mag7,04-25,1979,8923.09,425.141,20754.01
mri-esm2-0,historical,40,25,-91,75,mag7,05-25,1976,10881.62,419.342,20836.36
mpi-esm1-2-hr,historical,40,25,-91,75,mag7,05-25,1973,8105.2,434.214,19607.51
ukesm1-0-ll,historical,40,25,-91,75,mag3,05-07,1977,9998.69,354.06499999999994,18142.46
ukesm1-0-ll,historical,40,25,-91,75,mag4,04-15,1970,15690.92,468.995,26184.64
mpi-esm1-2-hr,historical,40,25,-91,75,mag7,05-25,1968,8523.15,382.981,18081.5
gfdl-esm4,historical,40,25,-91,75,mag2,04-25,1980,8703.98,491.166,23229.1
mri-esm2-0,historical,40,25,-91,75,mag8,04-25,1969,8070.82,477.08799999999997,20914.24
ukesm1-0-ll,historical,40,25,-91,75,mag2,05-07,1968,10022.01,442.73,23875.82
mri-esm2-0,historical,40,25,-91,75,mag3,04-25,1964,10000.97,362.22,18454.99
ukesm1-0-ll,historical,40,25,-91,75,mag6,04-15,1963,11885.88,418.774,25047.66
mpi-esm1-2-hr,historical,40,25,-91,75,mag5,04-15,1975,9381.14,381.59700000000004,18230.67
ukesm1-0-ll,historical,40,25,-91,75,mag5,04-15,1974,10698.29,353.279,19363.23
ukesm1-0-ll,historical,40,25,-91,75,mag8,05-15,1963,9984.16,433.624,23928.39
gfdl-esm4,historical,40,25,-91,75,mag4,05-07,1979,13894.26,415.045,22696.8
mri-esm2-0,historical,40,25,-91,75,mag6,05-25,1969,9944.64,373.68,18722.85
mpi-esm1-2-hr,historical,40,25,-91,75,mag4,04-15,1967,13043.78,436.659,22174.42
mri-esm2-0,historical,40,25,-91,75,mag2,04-25,1976,10116.29,472.31600000000003,24548.46
gfdl-esm4,historical,40,25,-91,75,mag2,05-25,1979,10745.29,434.68600000000004,23524.18
ukesm1-0-ll,historical,40,25,-91,75,mag8,05-07,1977,9827.15,452.61300000000006,21988.79
gfdl-esm4,historical,40,25,-91,75,mag4,04-25,1963,12985.79,437.08799999999997,22390.49
mpi-esm1-2-hr,historical,40,25,-91,75,mag2,04-25,1973,9861.99,517.433,25602.22
ukesm1-0-ll,historical,40,25,-91,75,mag4,04-15,1966,15822.47,434.754,25008.88
ukesm1-0-ll,historical,40,25,-91,75,mag4,05-25,1968,12855.62,410.24199999999996,21343.83
ipsl-cm6a-lr,historical,40,25,-91,75,mag7,05-25,1961,9061.11,383.479,19384.43
gfdl-esm4,historical,40,25,-91,75,mag5,04-25,1967,11937.85,378.078,20230.31
ukesm1-0-ll,historical,40,25,-91,75,mag5,04-15,1962,9948.35,357.343,20041.23
ukesm1-0-ll,historical,40,25,-91,75,mag5,05-25,1977,10240.78,344.914,17778.74
ukesm1-0-ll,historical,40,25,-91,75,mag3,05-15,1963,11276.73,348.788,20635.26
mri-esm2-0,historical,40,25,-91,75,mag6,05-25,1964,9150.3,377.5,17348.11
mri-esm2-0,historical,40,25,-91,75,mag8,04-25,1964,8985.99,446.621,21376.74
gfdl-esm4,historical,40,25,-91,75,mag7,05-07,1963,8727.85,409.61699999999996,19462.57
mri-esm2-0,historical,40,25,-91,75,mag3,04-25,1969,9055.1,388.949,18494.33
mpi-esm1-2-hr,historical,40,25,-91,75,mag2,04-25,1968,10194.14,480.245,24195.46
gfdl-esm4,historical,40,25,-91,75,mag7,05-25,1980,6390.97,399.613,16105.54
gfdl-esm4,historical,40,25,-91,75,mag6,05-07,1967,11219.44,403.586,21152.39
mri-esm2-0,historical,40,25,-91,75,mag8,04-15,1969,8030.22,472.85900000000004,20802.5
mpi-esm1-2-hr,historical,40,25,-91,75,mag5,04-25,1975,9168.77,370.326,17671.69
ukesm1-0-ll,historical,40,25,-91,75,mag6,04-25,1963,11496.17,412.75699999999995,24796.17
mri-esm2-0,historical,40,25,-91,75,mag3,04-15,1964,10427.51,386.147,19834.2
ukesm1-0-ll,historical,40,25,-91,75,mag8,05-25,1963,9707.57,417.10900000000004,23315.17
ukesm1-0-ll,historical,40,25,-91,75,mag5,04-25,1974,10766.03,361.772,21185.47
mri-esm2-0,historical,40,25,-91,75,mag6,05-15,1969,9325.59,388.427,18964.23
ipsl-cm6a-lr,historical,40,25,-91,75,mag7,05-07,1975,8531.69,447.5,21590.04
mpi-esm1-2-hr,historical,40,25,-91,75,mag7,05-15,1968,8938.48,426.674,19690.18
gfdl-esm4,historical,40,25,-91,75,mag2,04-15,1980,9706.1,487.55600000000004,23260.13
ukesm1-0-ll,historical,40,25,-91,75,mag4,04-25,1970,15771.05,449.756,25355.95
gfdl-esm4,historical,40,25,-91,75,mag7,04-15,1979,8771.98,434.625,20957.37
mri-esm2-0,historical,40,25,-91,75,mag7,05-15,1976,9888.28,417.154,20541.27
ukesm1-0-ll,historical,40,25,-91,75,mag6,05-07,1974,10176.43,376.052,21821.28
mpi-esm1-2-hr,historical,40,25,-91,75,mag7,05-15,1973,8376.36,445.421,20539.41
mpi-esm1-2-hr,historical,40,25,-91,75,mag6,05-07,1975,8590.52,393.58000000000004,18880.01
ukesm1-0-ll,historical,40,25,-91,75,mag5,05-07,1963,11763.64,373.84299999999996,22309.08
ipsl-cm6a-lr,historical,40,25,-91,75,mag2,04-15,1961,10654.63,464.36899999999997,25369.61
ukesm1-0-ll,historical,40,25,-91,75,mag7,05-07,1970,10472.25,433.286,22393.25
ipsl-cm6a-lr,historical,40,25,-91,75,mag4,04-25,1975,14073.99,482.02,25930.1
ukesm1-0-ll,historical,40,25,-91,75,mag6,05-07,1962,10144.92,383.334,20960.26
mpi-esm1-2-hr,historical,40,25,-91,75,mag2,04-15,1968,10526.46,506.534,23967.12
gfdl-esm4,historical,40,25,-91,75,mag7,05-15,1980,6995.19,399.399,17306.4
ukesm1-0-ll,historical,40,25,-91,75,mag7,05-07,1966,9170.98,401.321,21009.51
ukesm1-0-ll,historical,40,25,-91,75,mag5,05-15,1977,10258.97,362.051,18807.99
mri-esm2-0,historical,40,25,-91,75,mag6,05-15,1964,9383.7,400.33099999999996,18255.36
ukesm1-0-ll,historical,40,25,-91,75,mag3,05-25,1963,11143.43,329.44100000000003,19837.21
mri-esm2-0,historical,40,25,-91,75,mag8,04-15,1964,9013.67,469.283,22069.43
mri-esm2-0,historical,40,25,-91,75,mag3,04-15,1969,9110.38,376.725,17958.54
mpi-esm1-2-hr,historical,40,25,-91,75,mag7,05-07,1967,8322.06,400.395,18481.11
ipsl-cm6a-lr,historical,40,25,-91,75,mag7,05-15,1961,9342.6,405.44399999999996,20203.75
gfdl-esm4,historical,40,25,-91,75,mag5,04-15,1967,11979.31,385.804,20647.2
ukesm1-0-ll,historical,40,25,-91,75,mag5,04-25,1962,10146.64,368.40200000000004,21091.14
mri-esm2-0,historical,40,25,-91,75,mag2,04-15,1976,9882.74,470.557,24128.99
gfdl-esm4,historical,40,25,-91,75,mag2,05-15,1979,10731.09,435.468,23519.02
mpi-esm1-2-hr,historical,40,25,-91,75,mag4,04-25,1967,12638.21,420.848,20702.43
mpi-esm1-2-hr,historical,40,25,-91,75,mag2,04-15,1973,10090.65,527.693,25495.52
gfdl-esm4,historical,40,25,-91,75,mag4,04-15,1963,12976.08,448.135,21589.15
ukesm1-0-ll,historical,40,25,-91,75,mag4,05-15,1968,12947.91,420.93600000000004,22151.46
ukesm1-0-ll,historical,40,25,-91,75,mag4,04-25,1966,15780.36,424.443,24716.07
